{
  "loss": [
    0.012842156924307346,
    0.011852993629872799,
    0.011550314724445343,
    0.011349935084581375,
    0.011194350197911263,
    0.011061870492994785,
    0.010927998460829258,
    0.010801156051456928,
    0.010679610073566437,
    0.01056698989123106
  ],
  "r2_score": [
    0.5416353940963745,
    0.5769361853599548,
    0.5877339839935303,
    0.5948867201805115,
    0.6004434823989868,
    0.6051782965660095,
    0.6099529266357422,
    0.6144826412200928,
    0.61882483959198,
    0.6228405833244324
  ],
  "val_loss": [
    0.011604735627770424,
    0.01128256693482399,
    0.011119414120912552,
    0.011002378538250923,
    0.010942060500383377,
    0.010954842902719975,
    0.010942433960735798,
    0.010944947600364685,
    0.01119514275342226,
    0.011033562943339348
  ],
  "val_r2_score": [
    0.5849705934524536,
    0.5964925289154053,
    0.6023275256156921,
    0.6065131425857544,
    0.6086703538894653,
    0.6082131862640381,
    0.6086570024490356,
    0.6085671186447144,
    0.5996191501617432,
    0.6053978800773621
  ],
  "test_loss": [
    0.01103254035115242,
    0.6053717732429504
  ]
}